Timestamp,ChunkStart,ChunkEnd,ChunkSize,ServerIp,ProcessingTime,TotalTime,PasswordFound,Granularity
2026-03-29 21:26:45,1,10000,9999,192.168.1.67,92,149,True,10000
2026-03-29 21:26:45,10001,20000,9999,192.168.1.67,58,66,True,10000
2026-03-29 21:26:45,20001,30000,9999,192.168.1.67,59,66,True,10000
2026-03-29 21:26:45,30001,40000,9999,192.168.1.67,65,71,True,10000
2026-03-29 21:26:45,40001,50000,9999,192.168.1.67,63,69,True,10000
2026-03-29 21:26:45,50001,60000,9999,192.168.1.67,66,73,True,10000
2026-03-29 21:26:45,60001,70000,9999,192.168.1.67,75,83,True,10000
2026-03-29 21:26:45,70001,80000,9999,192.168.1.67,66,72,True,10000
2026-03-29 21:26:45,80001,90000,9999,192.168.1.67,78,83,True,10000
2026-03-29 21:26:45,90001,100000,9999,192.168.1.67,71,76,True,10000
2026-03-29 21:26:45,100001,110000,9999,192.168.1.67,68,74,True,10000
2026-03-29 21:26:46,110001,120000,9999,192.168.1.67,72,77,True,10000
2026-03-29 21:26:46,120001,130000,9999,192.168.1.67,81,87,True,10000
2026-03-29 21:26:46,130001,140000,9999,192.168.1.67,71,77,True,10000
2026-03-29 21:26:46,140001,150000,9999,192.168.1.67,77,81,True,10000
2026-03-29 21:26:46,150001,160000,9999,192.168.1.67,81,86,True,10000
2026-03-29 21:26:46,160001,170000,9999,192.168.1.67,82,88,True,10000
2026-03-29 21:26:46,170001,180000,9999,192.168.1.67,82,86,True,10000
2026-03-29 21:26:46,180001,190000,9999,192.168.1.67,83,90,True,10000
2026-03-29 21:26:46,190001,200000,9999,192.168.1.67,83,87,True,10000
2026-03-29 21:26:46,200001,210000,9999,192.168.1.67,94,99,True,10000
2026-03-29 21:26:46,210001,220000,9999,192.168.1.67,94,99,True,10000
2026-03-29 21:26:47,220001,230000,9999,192.168.1.67,88,92,True,10000
2026-03-29 21:26:47,230001,240000,9999,192.168.1.67,99,104,True,10000
2026-03-29 21:26:47,240001,250000,9999,192.168.1.67,97,102,True,10000
2026-03-29 21:26:47,250001,260000,9999,192.168.1.67,104,110,True,10000
2026-03-29 21:26:47,260001,270000,9999,192.168.1.67,149,156,True,10000
2026-03-29 21:26:47,270001,280000,9999,192.168.1.67,169,177,True,10000
2026-03-29 21:26:47,280001,290000,9999,192.168.1.67,118,123,True,10000
2026-03-29 21:26:47,290001,300000,9999,192.168.1.67,121,126,True,10000
2026-03-29 21:26:48,300001,310000,9999,192.168.1.67,126,134,True,10000
2026-03-29 21:26:48,310001,320000,9999,192.168.1.67,110,115,True,10000
2026-03-29 21:26:48,320001,330000,9999,192.168.1.67,111,117,True,10000
2026-03-29 21:26:48,330001,340000,9999,192.168.1.67,117,123,True,10000
2026-03-29 21:26:48,340001,350000,9999,192.168.1.67,109,114,True,10000
2026-03-29 21:26:48,350001,360000,9999,192.168.1.67,136,142,True,10000
2026-03-29 21:26:48,360001,370000,9999,192.168.1.67,122,130,True,10000
2026-03-29 21:26:49,370001,380000,9999,192.168.1.67,116,121,True,10000
2026-03-29 21:26:49,380001,390000,9999,192.168.1.67,120,125,True,10000
2026-03-29 21:26:49,390001,400000,9999,192.168.1.67,142,146,True,10000
2026-03-29 21:26:49,400001,410000,9999,192.168.1.67,132,137,True,10000
2026-03-29 21:26:49,410001,420000,9999,192.168.1.67,168,174,True,10000
2026-03-29 21:26:49,420001,430000,9999,192.168.1.67,194,202,True,10000
2026-03-29 21:26:49,430001,440000,9999,192.168.1.67,164,170,True,10000
2026-03-29 21:26:50,440001,450000,9999,192.168.1.67,152,160,True,10000
2026-03-29 21:26:50,450001,460000,9999,192.168.1.67,144,151,True,10000
2026-03-29 21:26:50,460001,470000,9999,192.168.1.67,456,463,True,10000
2026-03-29 21:26:50,470001,480000,9999,192.168.1.67,108,115,True,10000
2026-03-29 21:26:51,480001,490000,9999,192.168.1.67,126,133,True,10000
2026-03-29 21:26:51,490001,500000,9999,192.168.1.67,108,114,True,10000
2026-03-29 21:26:51,500001,510000,9999,192.168.1.67,116,122,True,10000
2026-03-29 21:26:51,510001,520000,9999,192.168.1.67,110,114,True,10000
2026-03-29 21:26:51,520001,530000,9999,192.168.1.67,112,117,True,10000
2026-03-29 21:26:51,530001,540000,9999,192.168.1.67,111,116,True,10000
2026-03-29 21:26:51,540001,550000,9999,192.168.1.67,113,118,True,10000
2026-03-29 21:26:51,550001,560000,9999,192.168.1.67,145,149,True,10000
2026-03-29 21:26:52,560001,570000,9999,192.168.1.67,117,122,True,10000
2026-03-29 21:26:52,570001,580000,9999,192.168.1.67,115,120,True,10000
2026-03-29 21:26:52,580001,590000,9999,192.168.1.67,119,124,True,10000
2026-03-29 21:26:52,590001,600000,9999,192.168.1.67,115,120,True,10000
2026-03-29 21:26:52,600001,610000,9999,192.168.1.67,148,153,True,10000
2026-03-29 21:26:52,610001,620000,9999,192.168.1.67,122,127,True,10000
2026-03-29 21:26:52,620001,630000,9999,192.168.1.67,120,126,True,10000
2026-03-29 21:26:52,630001,640000,9999,192.168.1.67,121,127,True,10000
2026-03-29 21:26:53,640001,650000,9999,192.168.1.67,131,138,True,10000
2026-03-29 21:26:53,650001,660000,9999,192.168.1.67,126,130,True,10000
2026-03-29 21:26:53,660001,670000,9999,192.168.1.67,129,135,True,10000
2026-03-29 21:26:53,670001,680000,9999,192.168.1.67,116,120,True,10000
2026-03-29 21:26:53,680001,690000,9999,192.168.1.67,238,242,True,10000
2026-03-29 21:26:53,690001,700000,9999,192.168.1.67,122,126,True,10000
2026-03-29 21:26:54,700001,710000,9999,192.168.1.67,118,122,True,10000
2026-03-29 21:26:54,710001,720000,9999,192.168.1.67,119,123,True,10000
2026-03-29 21:26:54,720001,730000,9999,192.168.1.67,125,130,True,10000
2026-03-29 21:26:54,730001,740000,9999,192.168.1.67,124,128,True,10000
2026-03-29 21:26:54,740001,750000,9999,192.168.1.67,137,141,True,10000
2026-03-29 21:26:54,750001,760000,9999,192.168.1.67,139,143,True,10000
2026-03-29 21:26:54,760001,770000,9999,192.168.1.67,137,141,True,10000
2026-03-29 21:26:55,770001,780000,9999,192.168.1.67,136,142,True,10000
2026-03-29 21:26:55,780001,790000,9999,192.168.1.67,138,143,True,10000
2026-03-29 21:26:55,790001,800000,9999,192.168.1.67,148,152,True,10000
2026-03-29 21:26:55,800001,810000,9999,192.168.1.67,159,163,True,10000
2026-03-29 21:26:55,810001,820000,9999,192.168.1.67,163,168,True,10000
2026-03-29 21:26:55,820001,830000,9999,192.168.1.67,156,161,True,10000
2026-03-29 21:26:55,830001,840000,9999,192.168.1.67,151,155,True,10000
2026-03-29 21:26:56,840001,850000,9999,192.168.1.67,172,177,True,10000
2026-03-29 21:26:56,850001,860000,9999,192.168.1.67,153,157,True,10000
2026-03-29 21:26:56,860001,870000,9999,192.168.1.67,157,162,True,10000
2026-03-29 21:26:56,870001,880000,9999,192.168.1.67,161,165,True,10000
2026-03-29 21:26:56,880001,890000,9999,192.168.1.67,156,160,True,10000
2026-03-29 21:26:56,890001,900000,9999,192.168.1.67,169,173,True,10000
2026-03-29 21:26:57,900001,910000,9999,192.168.1.67,153,159,True,10000
2026-03-29 21:26:57,910001,920000,9999,192.168.1.67,150,155,True,10000
2026-03-29 21:26:57,920001,930000,9999,192.168.1.67,184,191,True,10000
2026-03-29 21:26:57,930001,940000,9999,192.168.1.67,235,240,True,10000
2026-03-29 21:26:57,940001,950000,9999,192.168.1.67,178,184,True,10000
2026-03-29 21:26:58,950001,960000,9999,192.168.1.67,170,175,True,10000
2026-03-29 21:26:58,960001,970000,9999,192.168.1.67,168,173,True,10000
2026-03-29 21:26:58,970001,980000,9999,192.168.1.67,165,169,True,10000
2026-03-29 21:26:58,980001,990000,9999,192.168.1.67,164,168,True,10000
2026-03-29 21:26:58,990001,1000000,9999,192.168.1.67,185,189,True,10000
2026-03-29 21:28:02,1,10000,9999,192.168.1.67,21,25,True,10000
2026-03-29 21:28:02,10001,20000,9999,192.168.1.67,25,30,True,10000
2026-03-29 21:28:02,20001,30000,9999,192.168.1.67,23,28,True,10000
2026-03-29 21:28:02,30001,40000,9999,192.168.1.67,24,28,True,10000
2026-03-29 21:28:02,40001,50000,9999,192.168.1.67,25,28,True,10000
2026-03-29 21:28:02,50001,60000,9999,192.168.1.67,26,30,True,10000
2026-03-29 21:28:02,60001,70000,9999,192.168.1.67,31,35,True,10000
2026-03-29 21:28:02,70001,80000,9999,192.168.1.67,32,36,True,10000
2026-03-29 21:28:02,80001,90000,9999,192.168.1.67,35,39,True,10000
2026-03-29 21:28:02,90001,100000,9999,192.168.1.67,35,39,True,10000
2026-03-29 21:28:02,100001,110000,9999,192.168.1.67,37,43,True,10000
2026-03-29 21:28:02,110001,120000,9999,192.168.1.67,39,43,True,10000
2026-03-29 21:28:02,120001,130000,9999,192.168.1.67,40,44,True,10000
2026-03-29 21:28:02,130001,140000,9999,192.168.1.67,41,45,True,10000
2026-03-29 21:28:02,140001,150000,9999,192.168.1.67,44,48,True,10000
2026-03-29 21:28:02,150001,160000,9999,192.168.1.67,62,67,True,10000
2026-03-29 21:28:02,160001,170000,9999,192.168.1.67,46,51,True,10000
2026-03-29 21:28:02,170001,180000,9999,192.168.1.67,46,51,True,10000
2026-03-29 21:28:03,180001,190000,9999,192.168.1.67,49,52,True,10000
2026-03-29 21:28:03,190001,200000,9999,192.168.1.67,57,61,True,10000
2026-03-29 21:28:03,200001,210000,9999,192.168.1.67,61,66,True,10000
2026-03-29 21:28:03,210001,220000,9999,192.168.1.67,57,61,True,10000
2026-03-29 21:28:03,220001,230000,9999,192.168.1.67,56,60,True,10000
2026-03-29 21:28:03,230001,240000,9999,192.168.1.67,65,70,True,10000
2026-03-29 21:28:03,240001,250000,9999,192.168.1.67,103,111,True,10000
2026-03-29 21:28:03,250001,260000,9999,192.168.1.67,72,77,True,10000
2026-03-29 21:28:03,260001,270000,9999,192.168.1.67,63,67,True,10000
2026-03-29 21:28:03,270001,280000,9999,192.168.1.67,64,69,True,10000
2026-03-29 21:28:03,280001,290000,9999,192.168.1.67,69,74,True,10000
2026-03-29 21:28:03,290001,300000,9999,192.168.1.67,65,69,True,10000
2026-03-29 21:28:03,300001,310000,9999,192.168.1.67,67,71,True,10000
2026-03-29 21:28:03,310001,320000,9999,192.168.1.67,68,72,True,10000
2026-03-29 21:28:04,320001,330000,9999,192.168.1.67,76,80,True,10000
2026-03-29 21:28:04,330001,340000,9999,192.168.1.67,70,74,True,10000
2026-03-29 21:28:04,340001,350000,9999,192.168.1.67,74,78,True,10000
2026-03-29 21:28:04,350001,360000,9999,192.168.1.67,82,86,True,10000
2026-03-29 21:28:04,360001,370000,9999,192.168.1.67,76,80,True,10000
2026-03-29 21:28:04,370001,380000,9999,192.168.1.67,76,80,True,10000
2026-03-29 21:28:04,380001,390000,9999,192.168.1.67,88,92,True,10000
2026-03-29 21:28:04,390001,400000,9999,192.168.1.67,82,86,True,10000
2026-03-29 21:28:04,400001,410000,9999,192.168.1.67,84,89,True,10000
2026-03-29 21:28:04,410001,420000,9999,192.168.1.67,89,94,True,10000
2026-03-29 21:28:04,420001,430000,9999,192.168.1.67,86,90,True,10000
2026-03-29 21:28:05,430001,440000,9999,192.168.1.67,88,92,True,10000
2026-03-29 21:28:05,440001,450000,9999,192.168.1.67,94,99,True,10000
2026-03-29 21:28:05,450001,460000,9999,192.168.1.67,109,116,True,10000
2026-03-29 21:28:05,460001,470000,9999,192.168.1.67,97,102,True,10000
2026-03-29 21:28:05,470001,480000,9999,192.168.1.67,101,105,True,10000
2026-03-29 21:28:05,480001,490000,9999,192.168.1.67,93,98,True,10000
2026-03-29 21:28:05,490001,500000,9999,192.168.1.67,105,109,True,10000
2026-03-29 21:28:05,500001,510000,9999,192.168.1.67,102,107,True,10000
2026-03-29 21:28:05,510001,520000,9999,192.168.1.67,102,108,True,10000
2026-03-29 21:28:06,520001,530000,9999,192.168.1.67,96,100,True,10000
2026-03-29 21:28:06,530001,540000,9999,192.168.1.67,99,103,True,10000
2026-03-29 21:28:06,540001,550000,9999,192.168.1.67,96,100,True,10000
2026-03-29 21:28:06,550001,560000,9999,192.168.1.67,97,101,True,10000
2026-03-29 21:28:06,560001,570000,9999,192.168.1.67,102,106,True,10000
2026-03-29 21:28:06,570001,580000,9999,192.168.1.67,94,98,True,10000
2026-03-29 21:28:06,580001,590000,9999,192.168.1.67,131,137,True,10000
2026-03-29 21:28:06,590001,600000,9999,192.168.1.67,109,113,True,10000
2026-03-29 21:28:06,600001,610000,9999,192.168.1.67,116,120,True,10000
2026-03-29 21:28:07,610001,620000,9999,192.168.1.67,113,117,True,10000
2026-03-29 21:28:07,620001,630000,9999,192.168.1.67,125,130,True,10000
2026-03-29 21:28:07,630001,640000,9999,192.168.1.67,123,128,True,10000
2026-03-29 21:28:07,640001,650000,9999,192.168.1.67,170,175,True,10000
2026-03-29 21:28:07,650001,660000,9999,192.168.1.67,188,195,True,10000
2026-03-29 21:28:07,660001,670000,9999,192.168.1.67,166,173,True,10000
2026-03-29 21:28:08,670001,680000,9999,192.168.1.67,128,133,True,10000
2026-03-29 21:28:08,680001,690000,9999,192.168.1.67,131,137,True,10000
2026-03-29 21:28:08,690001,700000,9999,192.168.1.67,122,127,True,10000
2026-03-29 21:28:08,700001,710000,9999,192.168.1.67,122,128,True,10000
2026-03-29 21:28:08,710001,720000,9999,192.168.1.67,122,126,True,10000
2026-03-29 21:28:08,720001,730000,9999,192.168.1.67,120,125,True,10000
2026-03-29 21:28:08,730001,740000,9999,192.168.1.67,130,133,True,10000
2026-03-29 21:28:08,740001,750000,9999,192.168.1.67,129,134,True,10000
2026-03-29 21:28:09,750001,760000,9999,192.168.1.67,144,148,True,10000
2026-03-29 21:28:09,760001,770000,9999,192.168.1.67,140,145,True,10000
2026-03-29 21:28:09,770001,780000,9999,192.168.1.67,136,140,True,10000
2026-03-29 21:28:09,780001,790000,9999,192.168.1.67,149,155,True,10000
2026-03-29 21:28:09,790001,800000,9999,192.168.1.67,207,213,True,10000
2026-03-29 21:28:09,800001,810000,9999,192.168.1.67,183,187,True,10000
2026-03-29 21:28:10,810001,820000,9999,192.168.1.67,159,163,True,10000
2026-03-29 21:28:10,820001,830000,9999,192.168.1.67,152,158,True,10000
2026-03-29 21:28:10,830001,840000,9999,192.168.1.67,149,154,True,10000
2026-03-29 21:28:10,840001,850000,9999,192.168.1.67,144,148,True,10000
2026-03-29 21:28:10,850001,860000,9999,192.168.1.67,149,153,True,10000
2026-03-29 21:28:10,860001,870000,9999,192.168.1.67,185,191,True,10000
2026-03-29 21:28:11,870001,880000,9999,192.168.1.67,171,176,True,10000
2026-03-29 21:28:11,880001,890000,9999,192.168.1.67,171,177,True,10000
2026-03-29 21:28:11,890001,900000,9999,192.168.1.67,208,214,True,10000
2026-03-29 21:28:11,900001,910000,9999,192.168.1.67,205,212,True,10000
2026-03-29 21:28:11,910001,920000,9999,192.168.1.67,210,216,True,10000
2026-03-29 21:28:12,920001,930000,9999,192.168.1.67,240,247,True,10000
2026-03-29 21:28:12,930001,940000,9999,192.168.1.67,189,193,True,10000
2026-03-29 21:28:12,940001,950000,9999,192.168.1.67,175,179,True,10000
2026-03-29 21:28:12,950001,960000,9999,192.168.1.67,158,163,True,10000
2026-03-29 21:28:12,960001,970000,9999,192.168.1.67,163,170,True,10000
2026-03-29 21:28:13,970001,980000,9999,192.168.1.67,152,156,True,10000
2026-03-29 21:28:13,980001,990000,9999,192.168.1.67,168,176,True,10000
2026-03-29 21:28:13,990001,1000000,9999,192.168.1.67,176,180,True,10000
2026-03-30 21:52:06,1,10000,9999,192.168.1.67,101,167,True,10000
2026-03-30 21:52:06,10001,20000,9999,192.168.1.67,42,49,True,10000
2026-03-30 21:52:07,20001,30000,9999,192.168.1.67,43,49,True,10000
2026-03-30 21:52:07,30001,40000,9999,192.168.1.67,46,51,True,10000
2026-03-30 21:52:07,40001,50000,9999,192.168.1.67,99,103,True,10000
2026-03-30 21:52:07,50001,60000,9999,192.168.1.67,34,41,True,10000
2026-03-30 21:52:07,60001,70000,9999,192.168.1.67,36,40,True,10000
2026-03-30 21:52:07,70001,80000,9999,192.168.1.67,41,45,True,10000
2026-03-30 21:52:07,80001,90000,9999,192.168.1.67,49,53,True,10000
2026-03-30 21:52:07,90001,100000,9999,192.168.1.67,53,58,True,10000
2026-03-30 21:52:07,100001,110000,9999,192.168.1.67,50,54,True,10000
2026-03-30 21:52:07,110001,120000,9999,192.168.1.67,54,58,True,10000
2026-03-30 21:52:07,120001,130000,9999,192.168.1.67,54,57,True,10000
2026-03-30 21:52:07,130001,140000,9999,192.168.1.67,55,60,True,10000
2026-03-30 21:52:07,140001,150000,9999,192.168.1.67,56,61,True,10000
2026-03-30 21:52:07,150001,160000,9999,192.168.1.67,63,67,True,10000
2026-03-30 21:52:07,160001,170000,9999,192.168.1.67,67,72,True,10000
2026-03-30 21:52:08,170001,180000,9999,192.168.1.67,75,79,True,10000
2026-03-30 21:52:08,180001,190000,9999,192.168.1.67,82,87,True,10000
2026-03-30 21:52:08,190001,200000,9999,192.168.1.67,80,85,True,10000
2026-03-30 21:52:08,200001,210000,9999,192.168.1.67,89,93,True,10000
2026-03-30 21:52:08,210001,220000,9999,192.168.1.67,101,106,True,10000
2026-03-30 21:52:08,220001,230000,9999,192.168.1.67,111,115,True,10000
2026-03-30 21:52:08,230001,240000,9999,192.168.1.67,88,93,True,10000
2026-03-30 21:52:08,240001,250000,9999,192.168.1.67,90,94,True,10000
2026-03-30 21:52:08,250001,260000,9999,192.168.1.67,94,98,True,10000
2026-03-30 21:52:08,260001,270000,9999,192.168.1.67,97,100,True,10000
2026-03-30 21:52:09,270001,280000,9999,192.168.1.67,96,99,True,10000
2026-03-30 21:52:09,280001,290000,9999,192.168.1.67,89,93,True,10000
2026-03-30 21:52:09,290001,300000,9999,192.168.1.67,89,92,True,10000
2026-03-30 21:52:09,300001,310000,9999,192.168.1.67,86,89,True,10000
2026-03-30 21:52:09,310001,320000,9999,192.168.1.67,351,355,True,10000
2026-03-30 21:52:09,320001,330000,9999,192.168.1.67,93,97,True,10000
2026-03-30 21:52:09,330001,340000,9999,192.168.1.67,87,92,True,10000
2026-03-30 21:52:09,340001,350000,9999,192.168.1.67,78,82,True,10000
2026-03-30 21:52:10,350001,360000,9999,192.168.1.67,75,79,True,10000
2026-03-30 21:52:10,360001,370000,9999,192.168.1.67,73,77,True,10000
2026-03-30 21:52:10,370001,380000,9999,192.168.1.67,98,101,True,10000
2026-03-30 21:52:10,380001,390000,9999,192.168.1.67,92,95,True,10000
2026-03-30 21:52:10,390001,400000,9999,192.168.1.67,87,89,True,10000
2026-03-30 21:52:10,400001,410000,9999,192.168.1.67,83,86,True,10000
2026-03-30 21:52:10,410001,420000,9999,192.168.1.67,87,90,True,10000
2026-03-30 21:52:10,420001,430000,9999,192.168.1.67,94,98,True,10000
2026-03-30 21:52:10,430001,440000,9999,192.168.1.67,83,86,True,10000
2026-03-30 21:52:10,440001,450000,9999,192.168.1.67,93,96,True,10000
2026-03-30 21:52:10,450001,460000,9999,192.168.1.67,97,100,True,10000
2026-03-30 21:52:11,460001,470000,9999,192.168.1.67,95,98,True,10000
2026-03-30 21:52:11,470001,480000,9999,192.168.1.67,107,110,True,10000
2026-03-30 21:52:11,480001,490000,9999,192.168.1.67,122,126,True,10000
2026-03-30 21:52:11,490001,500000,9999,192.168.1.67,102,105,True,10000
2026-03-30 21:52:11,500001,510000,9999,192.168.1.67,96,99,True,10000
2026-03-30 21:52:11,510001,520000,9999,192.168.1.67,90,92,True,10000
2026-03-30 21:52:11,520001,530000,9999,192.168.1.67,101,103,True,10000
2026-03-30 21:52:11,530001,540000,9999,192.168.1.67,97,100,True,10000
2026-03-30 21:52:11,540001,550000,9999,192.168.1.67,86,89,True,10000
2026-03-30 21:52:11,550001,560000,9999,192.168.1.67,82,85,True,10000
2026-03-30 21:52:12,560001,570000,9999,192.168.1.67,81,84,True,10000
2026-03-30 21:52:12,570001,580000,9999,192.168.1.67,93,96,True,10000
2026-03-30 21:52:12,580001,590000,9999,192.168.1.67,104,106,True,10000
2026-03-30 21:52:12,590001,600000,9999,192.168.1.67,112,115,True,10000
2026-03-30 21:52:12,600001,610000,9999,192.168.1.67,146,149,True,10000
2026-03-30 21:52:12,610001,620000,9999,192.168.1.67,138,141,True,10000
2026-03-30 21:52:12,620001,630000,9999,192.168.1.67,143,146,True,10000
2026-03-30 21:52:12,630001,640000,9999,192.168.1.67,139,142,True,10000
2026-03-30 21:52:13,640001,650000,9999,192.168.1.67,138,140,True,10000
2026-03-30 21:52:13,650001,660000,9999,192.168.1.67,92,95,True,10000
2026-03-30 21:52:13,660001,670000,9999,192.168.1.67,90,93,True,10000
2026-03-30 21:52:13,670001,680000,9999,192.168.1.67,92,95,True,10000
2026-03-30 21:52:13,680001,690000,9999,192.168.1.67,89,91,True,10000
2026-03-30 21:52:13,690001,700000,9999,192.168.1.67,144,147,True,10000
2026-03-30 21:52:13,700001,710000,9999,192.168.1.67,89,92,True,10000
2026-03-30 21:52:13,710001,720000,9999,192.168.1.67,94,97,True,10000
2026-03-30 21:52:14,720001,730000,9999,192.168.1.67,136,139,True,10000
2026-03-30 21:52:14,730001,740000,9999,192.168.1.67,115,118,True,10000
2026-03-30 21:52:14,740001,750000,9999,192.168.1.67,105,107,True,10000
2026-03-30 21:52:14,750001,760000,9999,192.168.1.67,86,89,True,10000
2026-03-30 21:52:14,760001,770000,9999,192.168.1.67,91,93,True,10000
2026-03-30 21:52:14,770001,780000,9999,192.168.1.67,101,103,True,10000
2026-03-30 21:52:14,780001,790000,9999,192.168.1.67,101,104,True,10000
2026-03-30 21:52:14,790001,800000,9999,192.168.1.67,101,105,True,10000
2026-03-30 21:52:14,800001,810000,9999,192.168.1.67,234,237,True,10000
2026-03-30 21:52:15,810001,820000,9999,192.168.1.67,112,115,True,10000
2026-03-30 21:52:15,820001,830000,9999,192.168.1.67,107,110,True,10000
2026-03-30 21:52:15,830001,840000,9999,192.168.1.67,111,113,True,10000
2026-03-30 21:52:15,840001,850000,9999,192.168.1.67,121,124,True,10000
2026-03-30 21:52:15,850001,860000,9999,192.168.1.67,109,111,True,10000
2026-03-30 21:52:15,860001,870000,9999,192.168.1.67,106,109,True,10000
2026-03-30 21:52:15,870001,880000,9999,192.168.1.67,105,108,True,10000
2026-03-30 21:52:15,880001,890000,9999,192.168.1.67,111,113,True,10000
2026-03-30 21:52:16,890001,900000,9999,192.168.1.67,107,109,True,10000
2026-03-30 21:52:16,900001,910000,9999,192.168.1.67,130,133,True,10000
2026-03-30 21:52:16,910001,920000,9999,192.168.1.67,111,113,True,10000
2026-03-30 21:52:16,920001,930000,9999,192.168.1.67,119,122,True,10000
2026-03-30 21:52:16,930001,940000,9999,192.168.1.67,121,124,True,10000
2026-03-30 21:52:16,940001,950000,9999,192.168.1.67,139,142,True,10000
2026-03-30 21:52:16,950001,960000,9999,192.168.1.67,141,144,True,10000
2026-03-30 21:52:16,960001,970000,9999,192.168.1.67,161,164,True,10000
2026-03-30 21:52:17,970001,980000,9999,192.168.1.67,108,112,True,10000
2026-03-30 21:52:17,980001,990000,9999,192.168.1.67,102,105,True,10000
2026-03-30 21:52:17,990001,1000000,9999,192.168.1.67,100,103,True,10000
2026-03-30 21:59:03,1,10000,9999,192.168.1.67,82,114,True,10000
2026-03-30 21:59:03,10001,20000,9999,192.168.1.67,43,49,True,10000
2026-03-30 21:59:03,20001,30000,9999,192.168.1.67,44,50,True,10000
2026-03-30 21:59:03,30001,40000,9999,192.168.1.67,49,55,True,10000
2026-03-30 21:59:03,40001,50000,9999,192.168.1.67,50,55,True,10000
2026-03-30 21:59:03,50001,60000,9999,192.168.1.67,66,71,True,10000
2026-03-30 21:59:03,60001,70000,9999,192.168.1.67,48,54,True,10000
2026-03-30 21:59:03,70001,80000,9999,192.168.1.67,42,46,True,10000
2026-03-30 21:59:04,80001,90000,9999,192.168.1.67,43,48,True,10000
2026-03-30 21:59:04,90001,100000,9999,192.168.1.67,48,54,True,10000
2026-03-30 21:59:04,100001,110000,9999,192.168.1.67,53,58,True,10000
2026-03-30 21:59:04,110001,120000,9999,192.168.1.67,57,63,True,10000
2026-03-30 21:59:04,120001,130000,9999,192.168.1.67,55,60,True,10000
2026-03-30 21:59:04,130001,140000,9999,192.168.1.67,61,66,True,10000
2026-03-30 21:59:04,140001,150000,9999,192.168.1.67,52,56,True,10000
2026-03-30 21:59:04,150001,160000,9999,192.168.1.67,51,54,True,10000
2026-03-30 21:59:04,160001,170000,9999,192.168.1.67,50,55,True,10000
2026-03-30 21:59:04,170001,180000,9999,192.168.1.67,66,70,True,10000
2026-03-30 21:59:04,180001,190000,9999,192.168.1.67,88,92,True,10000
2026-03-30 21:59:04,190001,200000,9999,192.168.1.67,91,95,True,10000
2026-03-30 21:59:04,200001,210000,9999,192.168.1.67,91,94,True,10000
2026-03-30 21:59:04,210001,220000,9999,192.168.1.67,87,91,True,10000
2026-03-30 21:59:05,220001,230000,9999,192.168.1.67,101,105,True,10000
2026-03-30 21:59:05,230001,240000,9999,192.168.1.67,101,105,True,10000
2026-03-30 21:59:05,240001,250000,9999,192.168.1.67,101,105,True,10000
2026-03-30 21:59:05,250001,260000,9999,192.168.1.67,104,108,True,10000
2026-03-30 21:59:05,260001,270000,9999,192.168.1.67,108,112,True,10000
2026-03-30 21:59:05,270001,280000,9999,192.168.1.67,103,107,True,10000
2026-03-30 21:59:05,280001,290000,9999,192.168.1.67,94,98,True,10000
2026-03-30 21:59:05,290001,300000,9999,192.168.1.67,102,107,True,10000
2026-03-30 21:59:05,300001,310000,9999,192.168.1.67,96,99,True,10000
2026-03-30 21:59:06,310001,320000,9999,192.168.1.67,92,95,True,10000
2026-03-30 21:59:06,320001,330000,9999,192.168.1.67,93,96,True,10000
2026-03-30 21:59:06,330001,340000,9999,192.168.1.67,85,88,True,10000
2026-03-30 21:59:06,340001,350000,9999,192.168.1.67,95,98,True,10000
2026-03-30 21:59:06,350001,360000,9999,192.168.1.67,81,86,True,10000
2026-03-30 21:59:06,360001,370000,9999,192.168.1.67,80,82,True,10000
2026-03-30 21:59:06,370001,380000,9999,192.168.1.67,84,86,True,10000
2026-03-30 21:59:06,380001,390000,9999,192.168.1.67,108,111,True,10000
2026-03-30 21:59:06,390001,400000,9999,192.168.1.67,119,123,True,10000
2026-03-30 21:59:06,400001,410000,9999,192.168.1.67,106,110,True,10000
2026-03-30 21:59:07,410001,420000,9999,192.168.1.67,106,109,True,10000
2026-03-30 21:59:07,420001,430000,9999,192.168.1.67,111,113,True,10000
2026-03-30 21:59:07,430001,440000,9999,192.168.1.67,111,114,True,10000
2026-03-30 21:59:07,440001,450000,9999,192.168.1.67,121,124,True,10000
2026-03-30 21:59:07,450001,460000,9999,192.168.1.67,125,128,True,10000
2026-03-30 21:59:08,460001,470000,9999,192.168.1.67,452,455,True,10000
2026-03-30 21:59:08,470001,480000,9999,192.168.1.67,84,92,True,10000
2026-03-30 21:59:08,480001,490000,9999,192.168.1.67,80,83,True,10000
2026-03-30 21:59:08,490001,500000,9999,192.168.1.67,80,83,True,10000
2026-03-30 21:59:08,500001,510000,9999,192.168.1.67,75,78,True,10000
2026-03-30 21:59:08,510001,520000,9999,192.168.1.67,64,67,True,10000
2026-03-30 21:59:08,520001,530000,9999,192.168.1.67,67,69,True,10000
2026-03-30 21:59:08,530001,540000,9999,192.168.1.67,69,72,True,10000
2026-03-30 21:59:08,540001,550000,9999,192.168.1.67,64,67,True,10000
2026-03-30 21:59:08,550001,560000,9999,192.168.1.67,64,66,True,10000
2026-03-30 21:59:08,560001,570000,9999,192.168.1.67,63,65,True,10000
2026-03-30 21:59:08,570001,580000,9999,192.168.1.67,69,72,True,10000
2026-03-30 21:59:08,580001,590000,9999,192.168.1.67,65,68,True,10000
2026-03-30 21:59:09,590001,600000,9999,192.168.1.67,63,66,True,10000
2026-03-30 21:59:09,600001,610000,9999,192.168.1.67,68,70,True,10000
2026-03-30 21:59:09,610001,620000,9999,192.168.1.67,68,70,True,10000
2026-03-30 21:59:09,620001,630000,9999,192.168.1.67,64,66,True,10000
2026-03-30 21:59:09,630001,640000,9999,192.168.1.67,67,70,True,10000
2026-03-30 21:59:09,640001,650000,9999,192.168.1.67,69,71,True,10000
2026-03-30 21:59:09,650001,660000,9999,192.168.1.67,89,91,True,10000
2026-03-30 21:59:09,660001,670000,9999,192.168.1.67,99,101,True,10000
2026-03-30 21:59:09,670001,680000,9999,192.168.1.67,100,103,True,10000
2026-03-30 21:59:09,680001,690000,9999,192.168.1.67,86,88,True,10000
2026-03-30 21:59:09,690001,700000,9999,192.168.1.67,81,84,True,10000
2026-03-30 21:59:09,700001,710000,9999,192.168.1.67,94,97,True,10000
2026-03-30 21:59:10,710001,720000,9999,192.168.1.67,111,113,True,10000
2026-03-30 21:59:10,720001,730000,9999,192.168.1.67,119,122,True,10000
2026-03-30 21:59:10,730001,740000,9999,192.168.1.67,112,114,True,10000
2026-03-30 21:59:10,740001,750000,9999,192.168.1.67,126,129,True,10000
2026-03-30 21:59:10,750001,760000,9999,192.168.1.67,126,128,True,10000
2026-03-30 21:59:10,760001,770000,9999,192.168.1.67,133,135,True,10000
2026-03-30 21:59:10,770001,780000,9999,192.168.1.67,169,172,True,10000
2026-03-30 21:59:11,780001,790000,9999,192.168.1.67,177,179,True,10000
2026-03-30 21:59:11,790001,800000,9999,192.168.1.67,110,112,True,10000
2026-03-30 21:59:11,800001,810000,9999,192.168.1.67,106,109,True,10000
2026-03-30 21:59:11,810001,820000,9999,192.168.1.67,100,102,True,10000
2026-03-30 21:59:11,820001,830000,9999,192.168.1.67,96,99,True,10000
2026-03-30 21:59:11,830001,840000,9999,192.168.1.67,103,105,True,10000
2026-03-30 21:59:11,840001,850000,9999,192.168.1.67,108,111,True,10000
2026-03-30 21:59:11,850001,860000,9999,192.168.1.67,108,110,True,10000
2026-03-30 21:59:11,860001,870000,9999,192.168.1.67,105,107,True,10000
2026-03-30 21:59:12,870001,880000,9999,192.168.1.67,122,125,True,10000
2026-03-30 21:59:12,880001,890000,9999,192.168.1.67,130,132,True,10000
2026-03-30 21:59:12,890001,900000,9999,192.168.1.67,144,147,True,10000
2026-03-30 21:59:12,900001,910000,9999,192.168.1.67,139,143,True,10000
2026-03-30 21:59:12,910001,920000,9999,192.168.1.67,124,127,True,10000
2026-03-30 21:59:12,920001,930000,9999,192.168.1.67,117,119,True,10000
2026-03-30 21:59:12,930001,940000,9999,192.168.1.67,116,118,True,10000
2026-03-30 21:59:13,940001,950000,9999,192.168.1.67,125,128,True,10000
2026-03-30 21:59:13,950001,960000,9999,192.168.1.67,252,256,True,10000
2026-03-30 21:59:13,960001,970000,9999,192.168.1.67,124,126,True,10000
2026-03-30 21:59:13,970001,980000,9999,192.168.1.67,143,146,True,10000
2026-03-30 21:59:13,980001,990000,9999,192.168.1.67,175,178,True,10000
2026-03-30 21:59:13,990001,1000000,9999,192.168.1.67,155,158,True,10000
2026-03-30 22:00:04,1,10000,9999,192.168.1.67,15,17,True,10000
2026-03-30 22:00:04,10001,20000,9999,192.168.1.67,18,20,True,10000
2026-03-30 22:00:04,20001,30000,9999,192.168.1.67,18,20,True,10000
2026-03-30 22:00:04,30001,40000,9999,192.168.1.67,18,20,True,10000
2026-03-30 22:00:04,40001,50000,9999,192.168.1.67,19,22,True,10000
2026-03-30 22:00:04,50001,60000,9999,192.168.1.67,20,22,True,10000
2026-03-30 22:00:04,60001,70000,9999,192.168.1.67,21,24,True,10000
2026-03-30 22:00:04,70001,80000,9999,192.168.1.67,22,24,True,10000
2026-03-30 22:00:04,80001,90000,9999,192.168.1.67,24,27,True,10000
2026-03-30 22:00:04,90001,100000,9999,192.168.1.67,24,27,True,10000
2026-03-30 22:00:04,100001,110000,9999,192.168.1.67,25,28,True,10000
2026-03-30 22:00:04,110001,120000,9999,192.168.1.67,26,28,True,10000
2026-03-30 22:00:04,120001,130000,9999,192.168.1.67,27,30,True,10000
2026-03-30 22:00:04,130001,140000,9999,192.168.1.67,28,31,True,10000
2026-03-30 22:00:05,140001,150000,9999,192.168.1.67,29,32,True,10000
2026-03-30 22:00:05,150001,160000,9999,192.168.1.67,31,34,True,10000
2026-03-30 22:00:05,160001,170000,9999,192.168.1.67,32,35,True,10000
2026-03-30 22:00:05,170001,180000,9999,192.168.1.67,33,35,True,10000
2026-03-30 22:00:05,180001,190000,9999,192.168.1.67,34,36,True,10000
2026-03-30 22:00:05,190001,200000,9999,192.168.1.67,35,37,True,10000
2026-03-30 22:00:05,200001,210000,9999,192.168.1.67,37,40,True,10000
2026-03-30 22:00:05,210001,220000,9999,192.168.1.67,46,48,True,10000
2026-03-30 22:00:05,220001,230000,9999,192.168.1.67,53,56,True,10000
2026-03-30 22:00:05,230001,240000,9999,192.168.1.67,55,58,True,10000
2026-03-30 22:00:05,240001,250000,9999,192.168.1.67,57,59,True,10000
2026-03-30 22:00:05,250001,260000,9999,192.168.1.67,61,63,True,10000
2026-03-30 22:00:05,260001,270000,9999,192.168.1.67,61,64,True,10000
2026-03-30 22:00:05,270001,280000,9999,192.168.1.67,94,97,True,10000
2026-03-30 22:00:05,280001,290000,9999,192.168.1.67,66,68,True,10000
2026-03-30 22:00:05,290001,300000,9999,192.168.1.67,61,64,True,10000
2026-03-30 22:00:05,300001,310000,9999,192.168.1.67,59,62,True,10000
2026-03-30 22:00:05,310001,320000,9999,192.168.1.67,60,62,True,10000
2026-03-30 22:00:06,320001,330000,9999,192.168.1.67,61,63,True,10000
2026-03-30 22:00:06,330001,340000,9999,192.168.1.67,64,66,True,10000
2026-03-30 22:00:06,340001,350000,9999,192.168.1.67,65,67,True,10000
2026-03-30 22:00:06,350001,360000,9999,192.168.1.67,65,68,True,10000
2026-03-30 22:00:06,360001,370000,9999,192.168.1.67,68,70,True,10000
2026-03-30 22:00:06,370001,380000,9999,192.168.1.67,69,72,True,10000
2026-03-30 22:00:06,380001,390000,9999,192.168.1.67,78,81,True,10000
2026-03-30 22:00:06,390001,400000,9999,192.168.1.67,74,77,True,10000
2026-03-30 22:00:06,400001,410000,9999,192.168.1.67,80,83,True,10000
2026-03-30 22:00:06,410001,420000,9999,192.168.1.67,82,85,True,10000
2026-03-30 22:00:06,420001,430000,9999,192.168.1.67,91,94,True,10000
2026-03-30 22:00:06,430001,440000,9999,192.168.1.67,85,88,True,10000
2026-03-30 22:00:06,440001,450000,9999,192.168.1.67,81,84,True,10000
2026-03-30 22:00:07,450001,460000,9999,192.168.1.67,105,107,True,10000
2026-03-30 22:00:07,460001,470000,9999,192.168.1.67,89,92,True,10000
2026-03-30 22:00:07,470001,480000,9999,192.168.1.67,68,70,True,10000
2026-03-30 22:00:07,480001,490000,9999,192.168.1.67,68,70,True,10000
2026-03-30 22:00:07,490001,500000,9999,192.168.1.67,68,71,True,10000
2026-03-30 22:00:07,500001,510000,9999,192.168.1.67,70,72,True,10000
2026-03-30 22:00:07,510001,520000,9999,192.168.1.67,71,73,True,10000
2026-03-30 22:00:07,520001,530000,9999,192.168.1.67,69,71,True,10000
2026-03-30 22:00:07,530001,540000,9999,192.168.1.67,75,78,True,10000
2026-03-30 22:00:07,540001,550000,9999,192.168.1.67,75,77,True,10000
2026-03-30 22:00:07,550001,560000,9999,192.168.1.67,96,98,True,10000
2026-03-30 22:00:08,560001,570000,9999,192.168.1.67,92,95,True,10000
2026-03-30 22:00:08,570001,580000,9999,192.168.1.67,96,98,True,10000
2026-03-30 22:00:08,580001,590000,9999,192.168.1.67,105,108,True,10000
2026-03-30 22:00:08,590001,600000,9999,192.168.1.67,109,111,True,10000
2026-03-30 22:00:08,600001,610000,9999,192.168.1.67,109,112,True,10000
2026-03-30 22:00:08,610001,620000,9999,192.168.1.67,101,104,True,10000
2026-03-30 22:00:08,620001,630000,9999,192.168.1.67,109,111,True,10000
2026-03-30 22:00:08,630001,640000,9999,192.168.1.67,110,112,True,10000
2026-03-30 22:00:08,640001,650000,9999,192.168.1.67,108,110,True,10000
2026-03-30 22:00:09,650001,660000,9999,192.168.1.67,113,115,True,10000
2026-03-30 22:00:09,660001,670000,9999,192.168.1.67,109,111,True,10000
2026-03-30 22:00:09,670001,680000,9999,192.168.1.67,135,137,True,10000
2026-03-30 22:00:09,680001,690000,9999,192.168.1.67,129,132,True,10000
2026-03-30 22:00:09,690001,700000,9999,192.168.1.67,132,135,True,10000
2026-03-30 22:00:09,700001,710000,9999,192.168.1.67,124,127,True,10000
2026-03-30 22:00:09,710001,720000,9999,192.168.1.67,112,114,True,10000
2026-03-30 22:00:09,720001,730000,9999,192.168.1.67,99,102,True,10000
2026-03-30 22:00:09,730001,740000,9999,192.168.1.67,96,99,True,10000
2026-03-30 22:00:10,740001,750000,9999,192.168.1.67,109,112,True,10000
2026-03-30 22:00:10,750001,760000,9999,192.168.1.67,100,102,True,10000
2026-03-30 22:00:10,760001,770000,9999,192.168.1.67,106,108,True,10000
2026-03-30 22:00:10,770001,780000,9999,192.168.1.67,107,110,True,10000
2026-03-30 22:00:10,780001,790000,9999,192.168.1.67,121,124,True,10000
2026-03-30 22:00:10,790001,800000,9999,192.168.1.67,137,140,True,10000
2026-03-30 22:00:10,800001,810000,9999,192.168.1.67,147,150,True,10000
2026-03-30 22:00:11,810001,820000,9999,192.168.1.67,142,145,True,10000
2026-03-30 22:00:11,820001,830000,9999,192.168.1.67,137,139,True,10000
2026-03-30 22:00:11,830001,840000,9999,192.168.1.67,131,133,True,10000
2026-03-30 22:00:11,840001,850000,9999,192.168.1.67,134,136,True,10000
2026-03-30 22:00:11,850001,860000,9999,192.168.1.67,130,133,True,10000
2026-03-30 22:00:11,860001,870000,9999,192.168.1.67,128,130,True,10000
2026-03-30 22:00:11,870001,880000,9999,192.168.1.67,146,148,True,10000
2026-03-30 22:00:12,880001,890000,9999,192.168.1.67,161,164,True,10000
2026-03-30 22:00:12,890001,900000,9999,192.168.1.67,161,164,True,10000
2026-03-30 22:00:12,900001,910000,9999,192.168.1.67,161,163,True,10000
2026-03-30 22:00:12,910001,920000,9999,192.168.1.67,140,142,True,10000
2026-03-30 22:00:12,920001,930000,9999,192.168.1.67,135,138,True,10000
2026-03-30 22:00:12,930001,940000,9999,192.168.1.67,140,142,True,10000
2026-03-30 22:00:12,940001,950000,9999,192.168.1.67,142,144,True,10000
2026-03-30 22:00:13,950001,960000,9999,192.168.1.67,151,154,True,10000
2026-03-30 22:00:13,960001,970000,9999,192.168.1.67,182,185,True,10000
2026-03-30 22:00:13,970001,980000,9999,192.168.1.67,170,173,True,10000
2026-03-30 22:00:13,980001,990000,9999,192.168.1.67,166,169,True,10000
2026-03-30 22:00:13,990001,1000000,9999,192.168.1.67,159,161,True,10000
2026-03-30 22:17:09,1,10000,9999,192.168.1.67,19264,19323,True,10000
2026-03-30 22:17:27,10001,20000,9999,192.168.1.67,17982,17988,True,10000
2026-03-30 22:17:47,20001,30000,9999,192.168.1.67,19517,19523,True,10000
2026-03-30 22:18:07,30001,40000,9999,192.168.1.67,20277,20282,True,10000
2026-03-30 22:18:27,40001,50000,9999,192.168.1.67,19421,19426,True,10000
2026-03-30 22:18:46,50001,60000,9999,192.168.1.67,19129,19133,True,10000
2026-03-30 22:19:07,60001,70000,9999,192.168.1.67,20888,20893,True,10000
2026-03-30 22:19:28,70001,80000,9999,192.168.1.67,21408,21414,True,10000
2026-03-30 22:19:50,80001,90000,9999,192.168.1.67,21436,21440,True,10000
2026-03-30 22:20:11,90001,100000,9999,192.168.1.67,21396,21402,True,10000
2026-03-30 22:20:32,100001,110000,9999,192.168.1.67,20804,20808,True,10000
2026-03-30 22:20:53,110001,120000,9999,192.168.1.67,20841,20845,True,10000
2026-03-30 22:21:14,120001,130000,9999,192.168.1.67,21483,21487,True,10000
2026-03-30 22:21:34,130001,140000,9999,192.168.1.67,20199,20203,True,10000
2026-03-30 22:21:56,140001,150000,9999,192.168.1.67,21204,21208,True,10000
2026-03-30 22:22:16,150001,160000,9999,192.168.1.67,20188,20192,True,10000
2026-03-30 22:22:36,160001,170000,9999,192.168.1.67,20557,20562,True,10000
2026-03-30 22:22:57,170001,180000,9999,192.168.1.67,20754,20757,True,10000
2026-03-30 22:23:18,180001,190000,9999,192.168.1.67,20754,20757,True,10000
2026-03-30 22:23:39,190001,200000,9999,192.168.1.67,20904,20908,True,10000
2026-03-30 22:23:59,200001,210000,9999,192.168.1.67,20448,20452,True,10000
2026-03-30 22:24:19,210001,220000,9999,192.168.1.67,19900,19904,True,10000
2026-03-30 22:24:39,220001,230000,9999,192.168.1.67,20247,20250,True,10000
2026-03-30 22:24:59,230001,240000,9999,192.168.1.67,19745,19749,True,10000
2026-03-30 22:25:19,240001,250000,9999,192.168.1.67,20057,20060,True,10000
2026-03-30 22:25:39,250001,260000,9999,192.168.1.67,20013,20017,True,10000
2026-03-30 22:25:59,260001,270000,9999,192.168.1.67,20162,20166,True,10000
2026-03-30 22:26:20,270001,280000,9999,192.168.1.67,20610,20614,True,10000
2026-03-30 22:26:41,280001,290000,9999,192.168.1.67,20568,20570,True,10000
2026-03-30 22:27:03,290001,300000,9999,192.168.1.67,22475,22478,True,10000
2026-03-30 22:27:24,300001,310000,9999,192.168.1.67,20737,20742,True,10000
2026-03-30 22:27:44,310001,320000,9999,192.168.1.67,20011,20015,True,10000
2026-03-30 22:28:04,320001,330000,9999,192.168.1.67,19840,19843,True,10000
2026-03-30 22:28:23,330001,340000,9999,192.168.1.67,19560,19563,True,10000
2026-03-30 22:28:44,340001,350000,9999,192.168.1.67,20453,20455,True,10000
2026-03-30 22:29:05,350001,360000,9999,192.168.1.67,20860,20863,True,10000
2026-03-30 22:29:25,360001,370000,9999,192.168.1.67,20429,20432,True,10000
2026-03-30 22:29:45,370001,380000,9999,192.168.1.67,20256,20259,True,10000
2026-03-30 22:30:07,380001,390000,9999,192.168.1.67,21749,21753,True,10000
2026-03-30 22:30:27,390001,400000,9999,192.168.1.67,20386,20389,True,10000
2026-03-30 22:30:48,400001,410000,9999,192.168.1.67,20117,20120,True,10000
2026-03-30 22:31:08,410001,420000,9999,192.168.1.67,20727,20730,True,10000
2026-03-30 22:31:28,420001,430000,9999,192.168.1.67,19862,19865,True,10000
2026-03-30 22:31:48,430001,440000,9999,192.168.1.67,20105,20108,True,10000
2026-03-30 22:32:09,440001,450000,9999,192.168.1.67,20557,20560,True,10000
2026-03-30 22:32:29,450001,460000,9999,192.168.1.67,19905,19908,True,10000
2026-03-30 22:32:50,460001,470000,9999,192.168.1.67,20695,20698,True,10000
2026-03-30 22:33:10,470001,480000,9999,192.168.1.67,20668,20671,True,10000
2026-03-30 22:33:30,480001,490000,9999,192.168.1.67,19979,19982,True,10000
2026-03-30 22:33:52,490001,500000,9999,192.168.1.67,22267,22270,True,10000
2026-03-30 22:34:13,500001,510000,9999,192.168.1.67,20669,20672,True,10000
2026-03-30 22:34:34,510001,520000,9999,192.168.1.67,20762,20766,True,10000
2026-03-30 22:34:56,520001,530000,9999,192.168.1.67,21614,21617,True,10000
2026-03-30 22:35:16,530001,540000,9999,192.168.1.67,20833,20836,True,10000
2026-03-30 22:35:37,540001,550000,9999,192.168.1.67,20312,20315,True,10000
2026-03-30 22:35:57,550001,560000,9999,192.168.1.67,19821,19823,True,10000
2026-03-30 22:36:18,560001,570000,9999,192.168.1.67,21436,21439,True,10000
2026-03-30 22:36:39,570001,580000,9999,192.168.1.67,20640,20643,True,10000
2026-03-30 22:36:59,580001,590000,9999,192.168.1.67,20368,20372,True,10000
2026-03-30 22:37:20,590001,600000,9999,192.168.1.67,20815,20819,True,10000
2026-03-30 22:37:39,600001,610000,9999,192.168.1.67,19296,19300,True,10000
2026-04-14 12:53:21,1,10000,9999,10.100.7.176,171,273,True,10000
2026-04-14 12:53:21,10001,20000,9999,10.100.7.176,85,95,True,10000
2026-04-14 12:53:21,20001,30000,9999,10.100.7.176,68,76,True,10000
2026-04-14 12:53:22,30001,40000,9999,10.100.7.176,72,79,True,10000
2026-04-14 12:53:22,40001,50000,9999,10.100.7.176,147,155,True,10000
2026-04-14 12:53:22,50001,60000,9999,10.100.7.176,58,65,True,10000
2026-04-14 12:53:22,60001,70000,9999,10.100.7.176,56,63,True,10000
2026-04-14 12:53:22,70001,80000,9999,10.100.7.176,64,71,True,10000
2026-04-14 12:53:22,80001,90000,9999,10.100.7.176,76,82,True,10000
2026-04-14 12:53:22,90001,100000,9999,10.100.7.176,91,98,True,10000
2026-04-14 12:53:22,100001,110000,9999,10.100.7.176,96,102,True,10000
2026-04-14 12:53:22,110001,120000,9999,10.100.7.176,86,91,True,10000
2026-04-14 12:53:22,120001,130000,9999,10.100.7.176,87,93,True,10000
2026-04-14 12:53:22,130001,140000,9999,10.100.7.176,91,96,True,10000
2026-04-14 12:53:23,140001,150000,9999,10.100.7.176,100,104,True,10000
2026-04-14 12:53:23,150001,160000,9999,10.100.7.176,111,116,True,10000
2026-04-14 12:53:23,160001,170000,9999,10.100.7.176,121,127,True,10000
2026-04-14 12:53:23,170001,180000,9999,10.100.7.176,110,115,True,10000
2026-04-14 12:53:23,180001,190000,9999,10.100.7.176,119,125,True,10000
2026-04-14 12:53:23,190001,200000,9999,10.100.7.176,122,127,True,10000
2026-04-14 12:53:23,200001,210000,9999,10.100.7.176,136,143,True,10000
2026-04-14 12:53:24,210001,220000,9999,10.100.7.176,148,153,True,10000
2026-04-14 12:53:24,220001,230000,9999,10.100.7.176,117,122,True,10000
2026-04-14 12:53:24,230001,240000,9999,10.100.7.176,123,128,True,10000
2026-04-14 12:53:24,240001,250000,9999,10.100.7.176,169,174,True,10000
2026-04-14 12:53:24,250001,260000,9999,10.100.7.176,157,162,True,10000
2026-04-14 12:53:24,260001,270000,9999,10.100.7.176,169,173,True,10000
2026-04-14 12:53:24,270001,280000,9999,10.100.7.176,143,148,True,10000
2026-04-14 12:53:25,280001,290000,9999,10.100.7.176,144,149,True,10000
2026-04-14 12:53:25,290001,300000,9999,10.100.7.176,154,159,True,10000
2026-04-14 12:53:25,300001,310000,9999,10.100.7.176,171,175,True,10000
2026-04-14 12:53:25,310001,320000,9999,10.100.7.176,188,193,True,10000
2026-04-14 12:53:26,320001,330000,9999,10.100.7.176,420,425,True,10000
2026-04-14 12:53:26,330001,340000,9999,10.100.7.176,117,122,True,10000
2026-04-14 12:53:26,340001,350000,9999,10.100.7.176,120,125,True,10000
2026-04-14 12:53:26,350001,360000,9999,10.100.7.176,120,124,True,10000
2026-04-14 12:53:26,360001,370000,9999,10.100.7.176,124,128,True,10000
2026-04-14 12:53:26,370001,380000,9999,10.100.7.176,120,125,True,10000
2026-04-14 12:53:26,380001,390000,9999,10.100.7.176,113,118,True,10000
2026-04-14 12:53:26,390001,400000,9999,10.100.7.176,109,112,True,10000
2026-04-14 12:53:27,400001,410000,9999,10.100.7.176,95,101,True,10000
2026-04-14 12:53:27,410001,420000,9999,10.100.7.176,95,101,True,10000
2026-04-14 12:53:27,420001,430000,9999,10.100.7.176,97,101,True,10000
2026-04-14 12:53:27,430001,440000,9999,10.100.7.176,99,103,True,10000
2026-04-14 12:53:27,440001,450000,9999,10.100.7.176,105,109,True,10000
2026-04-14 12:53:27,450001,460000,9999,10.100.7.176,108,112,True,10000
2026-04-14 12:53:27,460001,470000,9999,10.100.7.176,108,112,True,10000
2026-04-14 12:53:27,470001,480000,9999,10.100.7.176,110,115,True,10000
2026-04-14 12:53:27,480001,490000,9999,10.100.7.176,111,115,True,10000
2026-04-14 12:53:28,490001,500000,9999,10.100.7.176,114,118,True,10000
2026-04-14 12:53:28,500001,510000,9999,10.100.7.176,114,118,True,10000
2026-04-14 12:53:28,510001,520000,9999,10.100.7.176,120,124,True,10000
2026-04-14 12:53:28,520001,530000,9999,10.100.7.176,136,140,True,10000
2026-04-14 12:53:28,530001,540000,9999,10.100.7.176,157,161,True,10000
2026-04-14 12:53:28,540001,550000,9999,10.100.7.176,190,194,True,10000
2026-04-14 12:53:29,550001,560000,9999,10.100.7.176,166,170,True,10000
2026-04-14 12:53:29,560001,570000,9999,10.100.7.176,168,172,True,10000
2026-04-14 12:53:29,570001,580000,9999,10.100.7.176,169,174,True,10000
2026-04-14 12:53:29,580001,590000,9999,10.100.7.176,170,176,True,10000
2026-04-14 12:53:29,590001,600000,9999,10.100.7.176,183,187,True,10000
2026-04-14 12:53:30,600001,610000,9999,10.100.7.176,247,252,True,10000
2026-04-14 12:53:30,610001,620000,9999,10.100.7.176,192,196,True,10000
2026-04-14 12:53:30,620001,630000,9999,10.100.7.176,200,204,True,10000
2026-04-14 12:53:30,630001,640000,9999,10.100.7.176,197,201,True,10000
2026-04-14 12:53:30,640001,650000,9999,10.100.7.176,218,222,True,10000
2026-04-14 12:53:30,650001,660000,9999,10.100.7.176,141,145,True,10000
2026-04-14 12:53:31,660001,670000,9999,10.100.7.176,139,143,True,10000
2026-04-14 12:53:31,670001,680000,9999,10.100.7.176,145,149,True,10000
2026-04-14 12:53:31,680001,690000,9999,10.100.7.176,143,148,True,10000
2026-04-14 12:53:31,690001,700000,9999,10.100.7.176,149,153,True,10000
2026-04-14 12:53:31,700001,710000,9999,10.100.7.176,143,147,True,10000
2026-04-14 12:53:31,710001,720000,9999,10.100.7.176,152,156,True,10000
2026-04-14 12:53:32,720001,730000,9999,10.100.7.176,146,150,True,10000
2026-04-14 12:53:32,730001,740000,9999,10.100.7.176,150,154,True,10000
2026-04-14 12:53:32,740001,750000,9999,10.100.7.176,148,152,True,10000
2026-04-14 12:53:32,750001,760000,9999,10.100.7.176,158,162,True,10000
2026-04-14 12:53:32,760001,770000,9999,10.100.7.176,152,156,True,10000
2026-04-14 12:53:32,770001,780000,9999,10.100.7.176,165,169,True,10000
2026-04-14 12:53:33,780001,790000,9999,10.100.7.176,152,156,True,10000
2026-04-14 12:53:33,790001,800000,9999,10.100.7.176,168,172,True,10000
2026-04-14 12:53:33,800001,810000,9999,10.100.7.176,292,296,True,10000
2026-04-14 12:53:33,810001,820000,9999,10.100.7.176,159,162,True,10000
2026-04-14 12:53:33,820001,830000,9999,10.100.7.176,180,184,True,10000
2026-04-14 12:53:34,830001,840000,9999,10.100.7.176,193,197,True,10000
2026-04-14 12:53:34,840001,850000,9999,10.100.7.176,164,168,True,10000
2026-04-14 12:53:34,850001,860000,9999,10.100.7.176,168,172,True,10000
2026-04-14 12:53:34,860001,870000,9999,10.100.7.176,172,176,True,10000
2026-04-14 12:53:34,870001,880000,9999,10.100.7.176,174,178,True,10000
2026-04-14 12:53:34,880001,890000,9999,10.100.7.176,177,181,True,10000
2026-04-14 12:53:35,890001,900000,9999,10.100.7.176,177,181,True,10000
2026-04-14 12:53:35,900001,910000,9999,10.100.7.176,194,198,True,10000
2026-04-14 12:53:35,910001,920000,9999,10.100.7.176,180,184,True,10000
2026-04-14 12:53:35,920001,930000,9999,10.100.7.176,179,183,True,10000
2026-04-14 12:53:35,930001,940000,9999,10.100.7.176,177,181,True,10000
2026-04-14 12:53:36,940001,950000,9999,10.100.7.176,179,182,True,10000
2026-04-14 12:53:36,950001,960000,9999,10.100.7.176,178,182,True,10000
2026-04-14 12:53:36,960001,970000,9999,10.100.7.176,182,186,True,10000
2026-04-14 12:53:36,970001,980000,9999,10.100.7.176,224,229,True,10000
2026-04-14 12:53:36,980001,990000,9999,10.100.7.176,196,200,True,10000
2026-04-14 12:53:37,990001,1000000,9999,10.100.7.176,191,195,True,10000
2026-04-14 12:57:23,1,10000,9999,10.100.7.176,29,33,True,10000
2026-04-14 12:57:23,10001,20000,9999,10.100.7.176,30,35,True,10000
2026-04-14 12:57:23,20001,30000,9999,10.100.7.176,32,37,True,10000
2026-04-14 12:57:23,30001,40000,9999,10.100.7.176,35,40,True,10000
2026-04-14 12:57:23,40001,50000,9999,10.100.7.176,36,40,True,10000
2026-04-14 12:57:23,50001,60000,9999,10.100.7.176,37,41,True,10000
2026-04-14 12:57:23,60001,70000,9999,10.100.7.176,41,45,True,10000
2026-04-14 12:57:23,70001,80000,9999,10.100.7.176,42,46,True,10000
2026-04-14 12:57:23,80001,90000,9999,10.100.7.176,43,47,True,10000
2026-04-14 12:57:24,90001,100000,9999,10.100.7.176,43,47,True,10000
2026-04-14 12:57:24,100001,110000,9999,10.100.7.176,51,55,True,10000
2026-04-14 12:57:24,110001,120000,9999,10.100.7.176,56,60,True,10000
2026-04-14 12:57:24,120001,130000,9999,10.100.7.176,83,87,True,10000
2026-04-14 12:57:24,130001,140000,9999,10.100.7.176,54,58,True,10000
2026-04-14 12:57:24,140001,150000,9999,10.100.7.176,57,62,True,10000
2026-04-14 12:57:24,150001,160000,9999,10.100.7.176,60,64,True,10000
2026-04-14 12:57:24,160001,170000,9999,10.100.7.176,59,64,True,10000
2026-04-14 12:57:24,170001,180000,9999,10.100.7.176,60,65,True,10000
2026-04-14 12:57:24,180001,190000,9999,10.100.7.176,58,63,True,10000
2026-04-14 12:57:24,190001,200000,9999,10.100.7.176,62,66,True,10000
2026-04-14 12:57:24,200001,210000,9999,10.100.7.176,60,64,True,10000
2026-04-14 12:57:24,210001,220000,9999,10.100.7.176,64,68,True,10000
2026-04-14 12:57:24,220001,230000,9999,10.100.7.176,65,69,True,10000
2026-04-14 12:57:25,230001,240000,9999,10.100.7.176,70,75,True,10000
2026-04-14 12:57:25,240001,250000,9999,10.100.7.176,68,73,True,10000
2026-04-14 12:57:25,250001,260000,9999,10.100.7.176,78,82,True,10000
2026-04-14 12:57:25,260001,270000,9999,10.100.7.176,71,75,True,10000
2026-04-14 12:57:25,270001,280000,9999,10.100.7.176,72,76,True,10000
2026-04-14 12:57:25,280001,290000,9999,10.100.7.176,71,75,True,10000
2026-04-14 12:57:25,290001,300000,9999,10.100.7.176,73,78,True,10000
2026-04-14 12:57:25,300001,310000,9999,10.100.7.176,73,77,True,10000
2026-04-14 12:57:25,310001,320000,9999,10.100.7.176,76,79,True,10000
2026-04-14 12:57:25,320001,330000,9999,10.100.7.176,79,83,True,10000
2026-04-14 12:57:25,330001,340000,9999,10.100.7.176,97,101,True,10000
2026-04-14 12:57:25,340001,350000,9999,10.100.7.176,81,85,True,10000
2026-04-14 12:57:26,350001,360000,9999,10.100.7.176,84,87,True,10000
2026-04-14 12:57:26,360001,370000,9999,10.100.7.176,91,95,True,10000
2026-04-14 12:57:26,370001,380000,9999,10.100.7.176,88,92,True,10000
2026-04-14 12:57:26,380001,390000,9999,10.100.7.176,93,97,True,10000
2026-04-14 12:57:26,390001,400000,9999,10.100.7.176,96,100,True,10000
2026-04-14 12:57:26,400001,410000,9999,10.100.7.176,94,98,True,10000
2026-04-14 12:57:26,410001,420000,9999,10.100.7.176,92,96,True,10000
2026-04-14 12:57:26,420001,430000,9999,10.100.7.176,98,102,True,10000
2026-04-14 12:57:26,430001,440000,9999,10.100.7.176,103,107,True,10000
2026-04-14 12:57:26,440001,450000,9999,10.100.7.176,105,109,True,10000
2026-04-14 12:57:27,450001,460000,9999,10.100.7.176,113,117,True,10000
2026-04-14 12:57:27,460001,470000,9999,10.100.7.176,113,116,True,10000
2026-04-14 12:57:27,470001,480000,9999,10.100.7.176,114,118,True,10000
2026-04-14 12:57:27,480001,490000,9999,10.100.7.176,114,118,True,10000
2026-04-14 12:57:27,490001,500000,9999,10.100.7.176,118,122,True,10000
2026-04-14 12:57:27,500001,510000,9999,10.100.7.176,119,124,True,10000
2026-04-14 12:57:27,510001,520000,9999,10.100.7.176,121,125,True,10000
2026-04-14 12:57:27,520001,530000,9999,10.100.7.176,124,128,True,10000
2026-04-14 12:57:28,530001,540000,9999,10.100.7.176,116,120,True,10000
2026-04-14 12:57:28,540001,550000,9999,10.100.7.176,126,129,True,10000
2026-04-14 12:57:28,550001,560000,9999,10.100.7.176,127,130,True,10000
2026-04-14 12:57:28,560001,570000,9999,10.100.7.176,126,130,True,10000
2026-04-14 12:57:28,570001,580000,9999,10.100.7.176,133,137,True,10000
2026-04-14 12:57:28,580001,590000,9999,10.100.7.176,131,135,True,10000
2026-04-14 12:57:28,590001,600000,9999,10.100.7.176,140,144,True,10000
2026-04-14 12:57:29,600001,610000,9999,10.100.7.176,138,142,True,10000
2026-04-14 12:57:29,610001,620000,9999,10.100.7.176,161,164,True,10000
2026-04-14 12:57:29,620001,630000,9999,10.100.7.176,145,149,True,10000
2026-04-14 12:57:29,630001,640000,9999,10.100.7.176,158,162,True,10000
2026-04-14 12:57:29,640001,650000,9999,10.100.7.176,145,148,True,10000
2026-04-14 12:57:29,650001,660000,9999,10.100.7.176,146,150,True,10000
2026-04-14 12:57:30,660001,670000,9999,10.100.7.176,149,152,True,10000
2026-04-14 12:57:30,670001,680000,9999,10.100.7.176,144,148,True,10000
2026-04-14 12:57:30,680001,690000,9999,10.100.7.176,156,160,True,10000
2026-04-14 12:57:30,690001,700000,9999,10.100.7.176,150,154,True,10000
2026-04-14 12:57:30,700001,710000,9999,10.100.7.176,167,171,True,10000
2026-04-14 12:57:30,710001,720000,9999,10.100.7.176,148,152,True,10000
2026-04-14 12:57:30,720001,730000,9999,10.100.7.176,163,167,True,10000
2026-04-14 12:57:31,730001,740000,9999,10.100.7.176,158,162,True,10000
2026-04-14 12:57:31,740001,750000,9999,10.100.7.176,171,176,True,10000
2026-04-14 12:57:31,750001,760000,9999,10.100.7.176,159,163,True,10000
2026-04-14 12:57:31,760001,770000,9999,10.100.7.176,165,170,True,10000
2026-04-14 12:57:31,770001,780000,9999,10.100.7.176,174,178,True,10000
2026-04-14 12:57:32,780001,790000,9999,10.100.7.176,157,161,True,10000
2026-04-14 12:57:32,790001,800000,9999,10.100.7.176,171,175,True,10000
2026-04-14 12:57:32,800001,810000,9999,10.100.7.176,173,178,True,10000
2026-04-14 12:57:32,810001,820000,9999,10.100.7.176,165,168,True,10000
2026-04-14 12:57:32,820001,830000,9999,10.100.7.176,176,180,True,10000
2026-04-14 12:57:32,830001,840000,9999,10.100.7.176,177,181,True,10000
2026-04-14 12:57:33,840001,850000,9999,10.100.7.176,170,173,True,10000
2026-04-14 12:57:33,850001,860000,9999,10.100.7.176,188,191,True,10000
2026-04-14 12:57:33,860001,870000,9999,10.100.7.176,181,185,True,10000
2026-04-14 12:57:33,870001,880000,9999,10.100.7.176,173,177,True,10000
2026-04-14 12:57:33,880001,890000,9999,10.100.7.176,187,190,True,10000
2026-04-14 12:57:34,890001,900000,9999,10.100.7.176,190,194,True,10000
2026-04-14 12:57:34,900001,910000,9999,10.100.7.176,224,227,True,10000
2026-04-14 12:57:34,910001,920000,9999,10.100.7.176,209,213,True,10000
2026-04-14 12:57:34,920001,930000,9999,10.100.7.176,197,201,True,10000
2026-04-14 12:57:34,930001,940000,9999,10.100.7.176,186,190,True,10000
2026-04-14 12:57:35,940001,950000,9999,10.100.7.176,195,199,True,10000
2026-04-14 12:57:35,950001,960000,9999,10.100.7.176,208,212,True,10000
2026-04-14 12:57:35,960001,970000,9999,10.100.7.176,189,193,True,10000
2026-04-14 12:57:35,970001,980000,9999,10.100.7.176,202,206,True,10000
2026-04-14 12:57:35,980001,990000,9999,10.100.7.176,203,207,True,10000
2026-04-14 12:57:36,990001,1000000,9999,10.100.7.176,201,205,True,10000
2026-04-14 13:03:06,1,10000,9999,10.100.7.176,128,204,True,10000
2026-04-14 13:03:06,10001,20000,9999,10.100.7.176,59,67,True,10000
2026-04-14 13:03:06,20001,30000,9999,10.100.7.176,60,67,True,10000
2026-04-14 13:03:06,30001,40000,9999,10.100.7.176,80,90,True,10000
2026-04-14 13:03:06,40001,50000,9999,10.100.7.176,68,75,True,10000
2026-04-14 13:03:06,50001,60000,9999,10.100.7.176,79,85,True,10000
2026-04-14 13:03:07,60001,70000,9999,10.100.7.176,76,83,True,10000
2026-04-14 13:03:07,70001,80000,9999,10.100.7.176,71,78,True,10000
2026-04-14 13:03:07,80001,90000,9999,10.100.7.176,69,75,True,10000
2026-04-14 13:03:07,90001,100000,9999,10.100.7.176,78,85,True,10000
2026-04-14 13:03:07,100001,110000,9999,10.100.7.176,77,83,True,10000
2026-04-14 13:03:07,110001,120000,9999,10.100.7.176,91,96,True,10000
2026-04-14 13:03:07,120001,130000,9999,10.100.7.176,80,86,True,10000
2026-04-14 13:03:07,130001,140000,9999,10.100.7.176,87,93,True,10000
2026-04-14 13:03:07,140001,150000,9999,10.100.7.176,87,92,True,10000
2026-04-14 13:03:07,150001,160000,9999,10.100.7.176,87,93,True,10000
2026-04-14 13:03:07,160001,170000,9999,10.100.7.176,90,95,True,10000
2026-04-14 13:03:08,170001,180000,9999,10.100.7.176,96,101,True,10000
2026-04-14 13:03:08,180001,190000,9999,10.100.7.176,93,98,True,10000
2026-04-14 13:03:08,190001,200000,9999,10.100.7.176,98,103,True,10000
2026-04-14 13:03:08,200001,210000,9999,10.100.7.176,101,106,True,10000
2026-04-14 13:03:08,210001,220000,9999,10.100.7.176,104,109,True,10000
2026-04-14 13:03:08,220001,230000,9999,10.100.7.176,133,138,True,10000
2026-04-14 13:03:08,230001,240000,9999,10.100.7.176,129,134,True,10000
2026-04-14 13:03:08,240001,250000,9999,10.100.7.176,117,121,True,10000
2026-04-14 13:03:09,250001,260000,9999,10.100.7.176,129,135,True,10000
2026-04-14 13:03:09,260001,270000,9999,10.100.7.176,127,132,True,10000
2026-04-14 13:03:09,270001,280000,9999,10.100.7.176,131,136,True,10000
2026-04-14 13:03:09,280001,290000,9999,10.100.7.176,129,136,True,10000
2026-04-14 13:03:09,290001,300000,9999,10.100.7.176,158,163,True,10000
2026-04-14 13:03:09,300001,310000,9999,10.100.7.176,133,139,True,10000
2026-04-14 13:03:09,310001,320000,9999,10.100.7.176,152,157,True,10000
2026-04-14 13:03:10,320001,330000,9999,10.100.7.176,125,129,True,10000
2026-04-14 13:03:10,330001,340000,9999,10.100.7.176,139,144,True,10000
2026-04-14 13:03:10,340001,350000,9999,10.100.7.176,149,153,True,10000
2026-04-14 13:03:10,350001,360000,9999,10.100.7.176,140,145,True,10000
2026-04-14 13:03:10,360001,370000,9999,10.100.7.176,129,133,True,10000
2026-04-14 13:03:10,370001,380000,9999,10.100.7.176,130,134,True,10000
2026-04-14 13:03:10,380001,390000,9999,10.100.7.176,142,146,True,10000
2026-04-14 13:03:11,390001,400000,9999,10.100.7.176,154,158,True,10000
2026-04-14 13:03:11,400001,410000,9999,10.100.7.176,150,155,True,10000
2026-04-14 13:03:11,410001,420000,9999,10.100.7.176,162,166,True,10000
2026-04-14 13:03:11,420001,430000,9999,10.100.7.176,150,154,True,10000
2026-04-14 13:03:11,430001,440000,9999,10.100.7.176,155,160,True,10000
2026-04-14 13:03:11,440001,450000,9999,10.100.7.176,152,157,True,10000
2026-04-14 13:03:12,450001,460000,9999,10.100.7.176,450,454,True,10000
2026-04-14 13:03:12,460001,470000,9999,10.100.7.176,117,121,True,10000
2026-04-14 13:03:12,470001,480000,9999,10.100.7.176,113,117,True,10000
2026-04-14 13:03:12,480001,490000,9999,10.100.7.176,107,111,True,10000
2026-04-14 13:03:12,490001,500000,9999,10.100.7.176,113,117,True,10000
2026-04-14 13:03:12,500001,510000,9999,10.100.7.176,114,118,True,10000
2026-04-14 13:03:13,510001,520000,9999,10.100.7.176,114,118,True,10000
2026-04-14 13:03:13,520001,530000,9999,10.100.7.176,116,120,True,10000
2026-04-14 13:03:13,530001,540000,9999,10.100.7.176,129,132,True,10000
2026-04-14 13:03:13,540001,550000,9999,10.100.7.176,128,133,True,10000
2026-04-14 13:03:13,550001,560000,9999,10.100.7.176,125,129,True,10000
2026-04-14 13:03:13,560001,570000,9999,10.100.7.176,120,125,True,10000
2026-04-14 13:03:13,570001,580000,9999,10.100.7.176,124,128,True,10000
2026-04-14 13:03:13,580001,590000,9999,10.100.7.176,125,129,True,10000
2026-04-14 13:03:14,590001,600000,9999,10.100.7.176,129,133,True,10000
2026-04-14 13:03:14,600001,610000,9999,10.100.7.176,129,133,True,10000
2026-04-14 13:03:14,610001,620000,9999,10.100.7.176,131,135,True,10000
2026-04-14 13:03:14,620001,630000,9999,10.100.7.176,136,140,True,10000
2026-04-14 13:03:14,630001,640000,9999,10.100.7.176,158,164,True,10000
2026-04-14 13:03:14,640001,650000,9999,10.100.7.176,163,168,True,10000
2026-04-14 13:03:15,650001,660000,9999,10.100.7.176,139,143,True,10000
2026-04-14 13:03:15,660001,670000,9999,10.100.7.176,142,146,True,10000
2026-04-14 13:03:15,670001,680000,9999,10.100.7.176,139,143,True,10000
2026-04-14 13:03:15,680001,690000,9999,10.100.7.176,143,147,True,10000
2026-04-14 13:03:15,690001,700000,9999,10.100.7.176,145,150,True,10000
2026-04-14 13:03:15,700001,710000,9999,10.100.7.176,160,163,True,10000
2026-04-14 13:03:16,710001,720000,9999,10.100.7.176,188,192,True,10000
2026-04-14 13:03:16,720001,730000,9999,10.100.7.176,193,197,True,10000
2026-04-14 13:03:16,730001,740000,9999,10.100.7.176,204,208,True,10000
2026-04-14 13:03:16,740001,750000,9999,10.100.7.176,209,213,True,10000
2026-04-14 13:03:16,750001,760000,9999,10.100.7.176,224,229,True,10000
2026-04-14 13:03:17,760001,770000,9999,10.100.7.176,224,228,True,10000
2026-04-14 13:03:17,770001,780000,9999,10.100.7.176,269,273,True,10000
2026-04-14 13:03:17,780001,790000,9999,10.100.7.176,157,161,True,10000
2026-04-14 13:03:17,790001,800000,9999,10.100.7.176,162,166,True,10000
2026-04-14 13:03:17,800001,810000,9999,10.100.7.176,161,165,True,10000
2026-04-14 13:03:18,810001,820000,9999,10.100.7.176,163,167,True,10000
2026-04-14 13:03:18,820001,830000,9999,10.100.7.176,165,169,True,10000
2026-04-14 13:03:18,830001,840000,9999,10.100.7.176,163,167,True,10000
2026-04-14 13:03:18,840001,850000,9999,10.100.7.176,166,170,True,10000
2026-04-14 13:03:18,850001,860000,9999,10.100.7.176,165,169,True,10000
2026-04-14 13:03:18,860001,870000,9999,10.100.7.176,186,190,True,10000
2026-04-14 13:03:19,870001,880000,9999,10.100.7.176,179,183,True,10000
2026-04-14 13:03:19,880001,890000,9999,10.100.7.176,181,185,True,10000
2026-04-14 13:03:19,890001,900000,9999,10.100.7.176,175,179,True,10000
2026-04-14 13:03:19,900001,910000,9999,10.100.7.176,191,195,True,10000
2026-04-14 13:03:19,910001,920000,9999,10.100.7.176,212,216,True,10000
2026-04-14 13:03:20,920001,930000,9999,10.100.7.176,178,183,True,10000
2026-04-14 13:03:20,930001,940000,9999,10.100.7.176,185,189,True,10000
2026-04-14 13:03:20,940001,950000,9999,10.100.7.176,307,311,True,10000
2026-04-14 13:03:20,950001,960000,9999,10.100.7.176,190,193,True,10000
2026-04-14 13:03:20,960001,970000,9999,10.100.7.176,188,193,True,10000
2026-04-14 13:03:21,970001,980000,9999,10.100.7.176,193,197,True,10000
2026-04-14 13:03:21,980001,990000,9999,10.100.7.176,187,191,True,10000
2026-04-14 13:03:21,990001,1000000,9999,10.100.7.176,190,194,True,10000
2026-04-14 13:08:22,1,10000,9999,10.100.7.176,156,235,True,10000
2026-04-14 13:08:22,10001,20000,9999,10.100.7.176,67,75,True,10000
2026-04-14 13:08:22,20001,30000,9999,10.100.7.176,69,77,True,10000
2026-04-14 13:08:22,30001,40000,9999,10.100.7.176,67,74,True,10000
2026-04-14 13:08:22,40001,50000,9999,10.100.7.176,124,132,True,10000
2026-04-14 13:08:22,50001,60000,9999,10.100.7.176,53,60,True,10000
2026-04-14 13:08:22,60001,70000,9999,10.100.7.176,54,61,True,10000
2026-04-14 13:08:22,70001,80000,9999,10.100.7.176,57,64,True,10000
2026-04-14 13:08:22,80001,90000,9999,10.100.7.176,79,86,True,10000
2026-04-14 13:08:23,90001,100000,9999,10.100.7.176,89,96,True,10000
2026-04-14 13:08:23,100001,110000,9999,10.100.7.176,80,87,True,10000
2026-04-14 13:08:23,110001,120000,9999,10.100.7.176,87,94,True,10000
2026-04-14 13:08:23,120001,130000,9999,10.100.7.176,96,104,True,10000
2026-04-14 13:08:23,130001,140000,9999,10.100.7.176,91,98,True,10000
2026-04-14 13:08:23,140001,150000,9999,10.100.7.176,99,105,True,10000
2026-04-14 13:08:23,150001,160000,9999,10.100.7.176,127,139,True,10000
2026-04-14 13:08:23,160001,170000,9999,10.100.7.176,111,117,True,10000
2026-04-14 13:08:23,170001,180000,9999,10.100.7.176,121,127,True,10000
2026-04-14 13:08:24,180001,190000,9999,10.100.7.176,133,139,True,10000
2026-04-14 13:08:24,190001,200000,9999,10.100.7.176,121,127,True,10000
2026-04-14 13:08:24,200001,210000,9999,10.100.7.176,129,135,True,10000
2026-04-14 13:08:24,210001,220000,9999,10.100.7.176,148,154,True,10000
2026-04-14 13:08:24,220001,230000,9999,10.100.7.176,162,168,True,10000
2026-04-14 13:08:24,230001,240000,9999,10.100.7.176,153,158,True,10000
2026-04-14 13:08:25,240001,250000,9999,10.100.7.176,169,176,True,10000
2026-04-14 13:08:25,250001,260000,9999,10.100.7.176,189,197,True,10000
2026-04-14 13:08:25,260001,270000,9999,10.100.7.176,193,198,True,10000
2026-04-14 13:08:25,270001,280000,9999,10.100.7.176,150,156,True,10000
2026-04-14 13:08:25,280001,290000,9999,10.100.7.176,158,164,True,10000
2026-04-14 13:08:25,290001,300000,9999,10.100.7.176,157,164,True,10000
2026-04-14 13:08:26,300001,310000,9999,10.100.7.176,179,185,True,10000
2026-04-14 13:08:26,310001,320000,9999,10.100.7.176,161,166,True,10000
2026-04-14 13:08:26,320001,330000,9999,10.100.7.176,415,420,True,10000
2026-04-14 13:08:26,330001,340000,9999,10.100.7.176,124,130,True,10000
2026-04-14 13:08:27,340001,350000,9999,10.100.7.176,128,133,True,10000
2026-04-14 13:08:27,350001,360000,9999,10.100.7.176,119,125,True,10000
2026-04-14 13:08:27,360001,370000,9999,10.100.7.176,125,130,True,10000
2026-04-14 13:08:27,370001,380000,9999,10.100.7.176,132,138,True,10000
2026-04-14 13:08:27,380001,390000,9999,10.100.7.176,108,114,True,10000
2026-04-14 13:08:27,390001,400000,9999,10.100.7.176,113,119,True,10000
2026-04-14 13:08:27,400001,410000,9999,10.100.7.176,96,101,True,10000
2026-04-14 13:08:27,410001,420000,9999,10.100.7.176,96,100,True,10000
2026-04-14 13:08:27,420001,430000,9999,10.100.7.176,98,103,True,10000
2026-04-14 13:08:28,430001,440000,9999,10.100.7.176,103,108,True,10000
2026-04-14 13:08:28,440001,450000,9999,10.100.7.176,110,115,True,10000
2026-04-14 13:08:28,450001,460000,9999,10.100.7.176,104,109,True,10000
2026-04-14 13:08:28,460001,470000,9999,10.100.7.176,106,111,True,10000
2026-04-14 13:08:28,470001,480000,9999,10.100.7.176,111,115,True,10000
2026-04-14 13:08:28,480001,490000,9999,10.100.7.176,115,119,True,10000
2026-04-14 13:08:28,490001,500000,9999,10.100.7.176,119,124,True,10000
2026-04-14 13:08:28,500001,510000,9999,10.100.7.176,122,127,True,10000
2026-04-14 13:08:29,510001,520000,9999,10.100.7.176,119,125,True,10000
2026-04-14 13:08:29,520001,530000,9999,10.100.7.176,159,164,True,10000
2026-04-14 13:08:29,530001,540000,9999,10.100.7.176,162,166,True,10000
2026-04-14 13:08:29,540001,550000,9999,10.100.7.176,160,165,True,10000
2026-04-14 13:08:29,550001,560000,9999,10.100.7.176,181,186,True,10000
2026-04-14 13:08:29,560001,570000,9999,10.100.7.176,192,197,True,10000
2026-04-14 13:08:30,570001,580000,9999,10.100.7.176,167,171,True,10000
2026-04-14 13:08:30,580001,590000,9999,10.100.7.176,234,238,True,10000
2026-04-14 13:08:30,590001,600000,9999,10.100.7.176,185,190,True,10000
2026-04-14 13:08:30,600001,610000,9999,10.100.7.176,195,199,True,10000
2026-04-14 13:08:30,610001,620000,9999,10.100.7.176,191,196,True,10000
2026-04-14 13:08:31,620001,630000,9999,10.100.7.176,198,203,True,10000
2026-04-14 13:08:31,630001,640000,9999,10.100.7.176,207,213,True,10000
2026-04-14 13:08:31,640001,650000,9999,10.100.7.176,196,203,True,10000
2026-04-14 13:08:31,650001,660000,9999,10.100.7.176,141,147,True,10000
2026-04-14 13:08:31,660001,670000,9999,10.100.7.176,141,147,True,10000
2026-04-14 13:08:32,670001,680000,9999,10.100.7.176,139,144,True,10000
2026-04-14 13:08:32,680001,690000,9999,10.100.7.176,146,151,True,10000
2026-04-14 13:08:32,690001,700000,9999,10.100.7.176,163,168,True,10000
2026-04-14 13:08:32,700001,710000,9999,10.100.7.176,166,171,True,10000
2026-04-14 13:08:32,710001,720000,9999,10.100.7.176,159,164,True,10000
2026-04-14 13:08:32,720001,730000,9999,10.100.7.176,147,152,True,10000
2026-04-14 13:08:33,730001,740000,9999,10.100.7.176,155,160,True,10000
2026-04-14 13:08:33,740001,750000,9999,10.100.7.176,159,164,True,10000
2026-04-14 13:08:33,750001,760000,9999,10.100.7.176,153,157,True,10000
2026-04-14 13:08:33,760001,770000,9999,10.100.7.176,163,168,True,10000
2026-04-14 13:08:33,770001,780000,9999,10.100.7.176,182,187,True,10000
2026-04-14 13:08:33,780001,790000,9999,10.100.7.176,165,170,True,10000
2026-04-14 13:08:34,790001,800000,9999,10.100.7.176,162,167,True,10000
2026-04-14 13:08:34,800001,810000,9999,10.100.7.176,301,306,True,10000
2026-04-14 13:08:34,810001,820000,9999,10.100.7.176,170,175,True,10000
2026-04-14 13:08:34,820001,830000,9999,10.100.7.176,169,174,True,10000
2026-04-14 13:08:34,830001,840000,9999,10.100.7.176,184,189,True,10000
2026-04-14 13:08:35,840001,850000,9999,10.100.7.176,188,192,True,10000
2026-04-14 13:08:35,850001,860000,9999,10.100.7.176,210,215,True,10000
2026-04-14 13:08:35,860001,870000,9999,10.100.7.176,194,200,True,10000
2026-04-14 13:08:35,870001,880000,9999,10.100.7.176,171,176,True,10000
2026-04-14 13:08:35,880001,890000,9999,10.100.7.176,182,187,True,10000
2026-04-14 13:08:36,890001,900000,9999,10.100.7.176,182,186,True,10000
2026-04-14 13:08:36,900001,910000,9999,10.100.7.176,190,194,True,10000
2026-04-14 13:08:36,910001,920000,9999,10.100.7.176,184,189,True,10000
2026-04-14 13:08:36,920001,930000,9999,10.100.7.176,182,187,True,10000
2026-04-14 13:08:36,930001,940000,9999,10.100.7.176,208,212,True,10000
2026-04-14 13:08:37,940001,950000,9999,10.100.7.176,193,197,True,10000
2026-04-14 13:08:37,950001,960000,9999,10.100.7.176,189,194,True,10000
2026-04-14 13:08:37,960001,970000,9999,10.100.7.176,192,197,True,10000
2026-04-14 13:08:37,970001,980000,9999,10.100.7.176,213,218,True,10000
2026-04-14 13:08:37,980001,990000,9999,10.100.7.176,197,203,True,10000
2026-04-14 13:08:38,990001,1000000,9999,10.100.7.176,200,205,True,10000
